Santhali_word,English_words,Grammer,Audio_links
aləŋ,Tongue,Noun,http://talkingdictionary.swarthmore.edu/media/santali/aud/Santali_09_29_2011_R_JNH_Tongue.mp3
ayo hɔɽ,woman,noun,http://talkingdictionary.swarthmore.edu/media/santali/aud/Santali_HU22_F_woman.mp3
ɑbo,we,pronoun,http://talkingdictionary.swarthmore.edu/media/santali/aud/Santali_Pro11_F_we.mp3
ɑboɑʔ,our,pronoun,http://talkingdictionary.swarthmore.edu/media/santali/aud/Santali_Pro12_F_our.mp3
ɑboɑʔ,ours,pronoun,http://talkingdictionary.swarthmore.edu/media/santali/aud/Santali_Pro13_M_ours.mp3
ɑboɑʔ ɑr ɑm,usandyou,pronoun,http://talkingdictionary.swarthmore.edu/media/santali/aud/Santali_Pro35_F_usandyou.mp3
ɑdiwɑsi,tribe,noun,http://talkingdictionary.swarthmore.edu/media/santali/aud/Santali_HU43_F_tribe.mp3
ɑɖi mɑrɑŋ,huge,adjective,http://talkingdictionary.swarthmore.edu/media/santali/aud/Santali_Adj75_M_huge_2.mp3
ɑɖi nɑpɑi,beautiful,adjective,http://talkingdictionary.swarthmore.edu/media/santali/aud/Santali_Adj7_F_beautiful.mp3
ɑjɛr,sick,adjective,http://talkingdictionary.swarthmore.edu/media/santali/aud/Santali_Adj60_M_sick.mp3
ɑk’,bow,noun,http://talkingdictionary.swarthmore.edu/media/santali/aud/Santali_Cult6_M_bow_2.mp3
ɑlɑŋ,tongue,noun,http://talkingdictionary.swarthmore.edu/media/santali/aud/Santali_BP14_J_tongue.mp3
ɑlipe hɔɽ ɑm dəbɑm,we3+(notyou),pronoun,http://talkingdictionary.swarthmore.edu/media/santali/aud/Santali_Pro34_F_we3.mp3
ɑm,you,pronoun,http://talkingdictionary.swarthmore.edu/media/santali/aud/Santali_Pro14_F_you.mp3
ɑmɑʔ,your,pronoun,http://talkingdictionary.swarthmore.edu/media/santali/aud/Santali_Pro16_F_your.mp3
ɑŋgrɑ,embers,noun,http://talkingdictionary.swarthmore.edu/media/santali/aud/Santali_Cult13_F_ember.mp3
ɑpe,you(pl.),pronoun,http://talkingdictionary.swarthmore.edu/media/santali/aud/Santali_Pro15_M_yall_2.mp3
ɑpeɑʔ,your(pl.),pronoun,http://talkingdictionary.swarthmore.edu/media/santali/aud/Santali_Pro17_F_yalls.mp3
ɑrɑʔ,red,adjective,http://talkingdictionary.swarthmore.edu/media/santali/aud/Santali_Col5_M_red.mp3
ɑrɛ,nine,noun,http://talkingdictionary.swarthmore.edu/media/santali/aud/Santali_Num9_M_nine.mp3
ɑrɛ gɛl,ninety,noun,http://talkingdictionary.swarthmore.edu/media/santali/aud/Santali_Num90_F_ninety.mp3
ɑɽɑk’,free,adjective,http://talkingdictionary.swarthmore.edu/media/santali/aud/Santali_Adj30_M_free.mp3
ɑɽɑk’,left,adjective,http://talkingdictionary.swarthmore.edu/media/santali/aud/Santali_Adj40_F_left.mp3
ɑtuk’,village,noun,http://talkingdictionary.swarthmore.edu/media/santali/aud/Santali_Cult34_F_village.mp3
ɑyo,mother,noun,http://talkingdictionary.swarthmore.edu/media/santali/aud/Santali_HU4_M_mother.mp3
bɑ hoɲɑrin ~ bɑ hoɲhɑrin,brother-in-law,noun,http://talkingdictionary.swarthmore.edu/media/santali/aud/Santali_HU26_F_brotherinlaw.mp3
bɑbɑ,father,noun,http://talkingdictionary.swarthmore.edu/media/santali/aud/Santali_HU3_M_father.mp3
bɑbɑt’,itch,noun,http://talkingdictionary.swarthmore.edu/media/santali/aud/Santali_O3_F_itch.mp3
bɑhɑbɑgən,flowergarden,noun,http://talkingdictionary.swarthmore.edu/media/santali/aud/Santali_Cult18a_M_flowergarden_2.mp3
bɑhɑre,outside,adposition,http://talkingdictionary.swarthmore.edu/media/santali/aud/Santali_AdP29_F_outside.mp3
bɑiri,enemy,noun,http://talkingdictionary.swarthmore.edu/media/santali/aud/Santali_HU36_M_enemy_2.mp3
bɑle gidrə,baby,noun,http://talkingdictionary.swarthmore.edu/media/santali/aud/Santali_HU33_F_baby.mp3
bɑle gidrə,baby,noun,http://talkingdictionary.swarthmore.edu/media/santali/aud/Santali_HU33_F_baby.mp3
bɑnɑ,bear,noun,http://talkingdictionary.swarthmore.edu/media/santali/aud/Santali_AN3_M_bear.mp3
bɑnɑr,both,adjective,http://talkingdictionary.swarthmore.edu/media/santali/aud/Santali_Adj11_F_both.mp3
bɑŋ,no,adverb,http://talkingdictionary.swarthmore.edu/media/santali/aud/Santali_Adv11_M_no.mp3
bɑr,two,noun,http://talkingdictionary.swarthmore.edu/media/santali/aud/Santali_Num2_M_two.mp3
bɑr gɛl,twenty,noun,http://talkingdictionary.swarthmore.edu/media/santali/aud/Santali_Num20_F_twenty.mp3
bɑrəɖɑn,toad,noun,http://talkingdictionary.swarthmore.edu/media/santali/aud/Santali_AN46_M_toad.mp3
bɑɽge,vegetablegarden,noun,http://talkingdictionary.swarthmore.edu/media/santali/aud/Santali_Cult18_M_vegetablegarden.mp3
berel,raw,adjective,http://talkingdictionary.swarthmore.edu/media/santali/aud/Santali_Adj53_M_raw.mp3
bəbnɑ,sadly,adverb,http://talkingdictionary.swarthmore.edu/media/santali/aud/Santali_Adv20a_F_sadly.mp3
bədəɽɑ,bat,noun,http://talkingdictionary.swarthmore.edu/media/santali/aud/Santali_AN2_M_bat_2.mp3
bəibəite,slowly,adverb,http://talkingdictionary.swarthmore.edu/media/santali/aud/Santali_Adv21_F_slowly.mp3
bəitɛ,slow,adjective,http://talkingdictionary.swarthmore.edu/media/santali/aud/Santali_Adj62_M_slow.mp3
bənum,whiteanthill,noun,http://talkingdictionary.swarthmore.edu/media/santali/aud/Santali_AN50_M_whiteanthill_2.mp3
bəɽiʔ,bad,adjective,http://talkingdictionary.swarthmore.edu/media/santali/aud/Santali_Adj5_F_bad.mp3
bʰutʰ,ghost,noun,http://talkingdictionary.swarthmore.edu/media/santali/aud/Santali_HU38_F_ghost.mp3
bili,egg,noun,http://talkingdictionary.swarthmore.edu/media/santali/aud/Santali_AN17_M_egg.mp3
biliɑʔ,ripe,adjective,http://talkingdictionary.swarthmore.edu/media/santali/aud/Santali_Adj56_F_ripe.mp3
bin,snake,noun,http://talkingdictionary.swarthmore.edu/media/santali/aud/Santali_AN42_F_snake_2.mp3
bindi,spider,noun,http://talkingdictionary.swarthmore.edu/media/santali/aud/Santali_AN44_M_spider.mp3
bip sukri,boar,noun,http://talkingdictionary.swarthmore.edu/media/santali/aud/Santali_AN6_F_boar.mp3
bipiɽiəŋ,butterfly,noun,http://talkingdictionary.swarthmore.edu/media/santali/aud/Santali_AN7_F_butterfly_2.mp3
bir sukri,wildboar,noun,http://talkingdictionary.swarthmore.edu/media/santali/aud/Santali_AN51_M_wildboar.mp3
bisi jɑŋ,backbone,noun,http://talkingdictionary.swarthmore.edu/media/santali/aud/Santali_BP38_G_backbone.mp3
bisiʤəŋ,"JitenderNathHasda,",Speaker:,http://talkingdictionary.swarthmore.edu/santali/?entry=453
bitrire,in,adposition,http://talkingdictionary.swarthmore.edu/media/santali/aud/Santali_AdP19_F_in.mp3
biʈire ~ bitire,among,adposition,http://talkingdictionary.swarthmore.edu/media/santali/aud/Santali_AdP3_F_among.mp3
bohoʔ,head,noun,http://talkingdictionary.swarthmore.edu/media/santali/aud/Santali_BP1_J_head.mp3
bohoʔ jeɑŋ,skull,noun,http://talkingdictionary.swarthmore.edu/media/santali/aud/Santali_BP13_G_skull.mp3
bokoɲ,youngerbrother,noun,http://talkingdictionary.swarthmore.edu/media/santali/aud/Santali_HU6_M_youngerbrother.mp3
botərək’,frightened,adjective,http://talkingdictionary.swarthmore.edu/media/santali/aud/Santali_Adj31_M_frightened.mp3
bɔhɔ,Head,Noun,http://talkingdictionary.swarthmore.edu/media/santali/aud/Santali_09_29_2011_R_GRM_Head.mp3
bɔhɔ ʤaŋ,Skull,Noun,http://talkingdictionary.swarthmore.edu/media/santali/aud/Santali_09_29_2011_R_JNH_Skull.mp3
bɔrɔ,Lung,Noun,http://talkingdictionary.swarthmore.edu/media/santali/aud/Santali_09_29_2011_R_GRM_Lung.mp3
bɔtəroʔ,scared,adjective,http://talkingdictionary.swarthmore.edu/media/santali/aud/Santali_Adj58_F_scared.mp3
buɖiə,axe,noun,http://talkingdictionary.swarthmore.edu/media/santali/aud/Santali_Cult3_F_axe_2.mp3
buɖiə,axe,noun,http://talkingdictionary.swarthmore.edu/media/santali/aud/Santali_Cult3_F_axe_2.mp3
bulu,Thigh,Noun,http://talkingdictionary.swarthmore.edu/media/santali/aud/Santali_09_29_2011_R_JNH_Thigh.mp3
buluk’,thigh,noun,http://talkingdictionary.swarthmore.edu/media/santali/aud/Santali_BP33_J_thigh_2.mp3
buɽi ɑyo ~ buɽhi ayo,grandmother,noun,http://talkingdictionary.swarthmore.edu/media/santali/aud/Santali_HU14a_F_grandmother.mp3
cɑsi,farmer,noun,http://talkingdictionary.swarthmore.edu/media/santali/aud/Santali_HU50_M_farmer.mp3
cedɑʔse,because[of],adposition,http://talkingdictionary.swarthmore.edu/media/santali/aud/Santali_AdP6_F_because.mp3
ceɽiŋ ɑɽɑk’ kɑdiə,free(v),verb,http://talkingdictionary.swarthmore.edu/media/santali/aud/Santali_Adj30b_F_free(v).mp3
ceɽiŋ ɑɽɑk’ kɑdiə,free(v),verb,http://talkingdictionary.swarthmore.edu/media/santali/aud/Santali_Adj30b_F_free(v).mp3
cetɑn,high,adjective,http://talkingdictionary.swarthmore.edu/media/santali/aud/Santali_Adj35_F_high.mp3
cetɑn,above,adposition,http://talkingdictionary.swarthmore.edu/media/santali/aud/Santali_AdP1_M_above.mp3
cetɑn,on,adposition,http://talkingdictionary.swarthmore.edu/media/santali/aud/Santali_AdP27_M_on.mp3
cetɑn,up,adposition,http://talkingdictionary.swarthmore.edu/media/santali/aud/Santali_AdP32_M_up.mp3
cəcuʔ,vagina,noun,http://talkingdictionary.swarthmore.edu/media/santali/aud/Santali_BP56_S_vagina_2.mp3
cədrɑ,bald,adjective,http://talkingdictionary.swarthmore.edu/media/santali/aud/Santali_Adj6_F_bald.mp3
cəʈu,mouse,noun,http://talkingdictionary.swarthmore.edu/media/santali/aud/Santali_AN38_M_mouse_2.mp3
cʰercete ~ cʰercrte,lizard,noun,http://talkingdictionary.swarthmore.edu/media/santali/aud/Santali_AN32_M_lizard.mp3
cʰɛ̃ɽe,bird,noun,http://talkingdictionary.swarthmore.edu/media/santali/aud/Santali_AN5_M_bird.mp3
cʰitlikɑ,how,pronoun,http://talkingdictionary.swarthmore.edu/media/santali/aud/Santali_Pro23_M_how.mp3
cidɑʔ,why,pronoun,http://talkingdictionary.swarthmore.edu/media/santali/aud/Santali_Pro31_F_why.mp3
cikəɽ,smooth,adjective,http://talkingdictionary.swarthmore.edu/media/santali/aud/Santali_Adj64_F_smooth.mp3
cit’,what,pronoun,http://talkingdictionary.swarthmore.edu/media/santali/aud/Santali_Pro26_F_what.mp3
cit’ likəmenəmɑ,howareyou,sentence,http://talkingdictionary.swarthmore.edu/media/santali/aud/Santali_Adv15_M_howareyou_2.mp3
culhə,cookingpit,noun,http://talkingdictionary.swarthmore.edu/media/santali/aud/Santali_Cult22_F_cookingpit.mp3
culhə,cookingpit,noun,http://talkingdictionary.swarthmore.edu/media/santali/aud/Santali_Cult22_F_cookingpit.mp3
cuput’,fist,noun,http://talkingdictionary.swarthmore.edu/media/santali/aud/Santali_BP24_J_fist.mp3
curi,knife,noun,http://talkingdictionary.swarthmore.edu/media/santali/aud/Santali_Cult25_F_knife.mp3
dɑdɑ,brother,noun,http://talkingdictionary.swarthmore.edu/media/santali/aud/Santali_HU5_F_brother.mp3
dɑdɑ,elderbrother,noun,http://talkingdictionary.swarthmore.edu/media/santali/aud/Santali_HU7_M_olderbrother.mp3
dɑhəɽi,hat,noun,http://talkingdictionary.swarthmore.edu/media/santali/aud/Santali_Cult21_M_hat.mp3
dɑɽeɑni,powerful,adjective,http://talkingdictionary.swarthmore.edu/media/santali/aud/Santali_Adj51_F_powerful.mp3
dɑɽiɑn,strong,adjective,http://talkingdictionary.swarthmore.edu/media/santali/aud/Santali_Adj65_M_strong.mp3
dɑyɑʔ,kind,adjective,http://talkingdictionary.swarthmore.edu/media/santali/aud/Santali_Adj39_F_kind.mp3
deɑ ~ diɑ,back,noun,http://talkingdictionary.swarthmore.edu/media/santali/aud/Santali_BP37_J_back.mp3
deja,Back,Noun,http://talkingdictionary.swarthmore.edu/media/santali/aud/Santali_09_29_2011_R_GRM_Back.mp3
dəbɽo,thick,adjective,http://talkingdictionary.swarthmore.edu/media/santali/aud/Santali_Adj67_F_thick.mp3
dəi,eldersister,noun,http://talkingdictionary.swarthmore.edu/media/santali/aud/Santali_HU10_F_oldersister.mp3
dəɽiə,beard,noun,http://talkingdictionary.swarthmore.edu/media/santali/aud/Santali_BP10_G_beard.mp3
dəɽiə,beard,noun,http://talkingdictionary.swarthmore.edu/media/santali/aud/Santali_BP10_G_beard.mp3
dəyəkətet’,please,NaN,http://talkingdictionary.swarthmore.edu/media/santali/aud/Santali_Adv17_F_please.mp3
dəʔɽia,Beard,Noun,http://talkingdictionary.swarthmore.edu/media/santali/aud/Santali_09_29_2011_R_GRM_Beard.mp3
dinəm,everyday,adverb,http://talkingdictionary.swarthmore.edu/media/santali/aud/Santali_Adv9_F_everyday.mp3
dukʰ,sad,adjective,http://talkingdictionary.swarthmore.edu/media/santali/aud/Santali_Adj57_M_sad.mp3
dukre,sadly,adverb,http://talkingdictionary.swarthmore.edu/media/santali/aud/Santali_Adv20_F_sadly.mp3
ʤəŋ,Bone,Noun,http://talkingdictionary.swarthmore.edu/media/santali/aud/Santali_09_29_2011_R_GRM_Bone.mp3
ʤəŋa,Foot,Noun,http://talkingdictionary.swarthmore.edu/media/santali/aud/Santali_09_29_2011_R_GRM_Foot.mp3
ʤəŋa kaʈub,Toe,Noun,http://talkingdictionary.swarthmore.edu/media/santali/aud/Santali_09_29_2011_R_GRM_Toe.mp3
ʤəŋa rena rəma,Toenail,Noun,http://talkingdictionary.swarthmore.edu/media/santali/aud/Santali_09_29_2011_R_GRM_Toenail.mp3
ɖanɖa,Waist,Noun,http://talkingdictionary.swarthmore.edu/media/santali/aud/Santali_09_29_2011_R_GRM_Waist.mp3
ɖɑɳɖɑ,waist,noun,http://talkingdictionary.swarthmore.edu/media/santali/aud/Santali_BP45_G_waist.mp3
ɖɑʈɑ,tooth,noun,http://talkingdictionary.swarthmore.edu/media/santali/aud/Santali_BP15_J_tooth_2.mp3
ɖəʈa,Tooth,Noun,http://talkingdictionary.swarthmore.edu/media/santali/aud/Santali_09_29_2011_R_GRM_Tooth.mp3
ɖol jənoʔ,softbroom,noun,http://talkingdictionary.swarthmore.edu/media/santali/aud/Santali_Cult9b_M_softbroom.mp3
ebʰɛnoʔ,awake,adjective,http://talkingdictionary.swarthmore.edu/media/santali/aud/Santali_Adj4_F_awake.mp3
eŋakaʈub,Thumb,Noun,http://talkingdictionary.swarthmore.edu/media/santali/aud/Santali_09_29_2011_R_JNH_Thumb.mp3
eŋgɑ,female,noun,http://talkingdictionary.swarthmore.edu/media/santali/aud/Santali_AN20_F_female.mp3
eŋgɑ kɑʈuk’,thumb,noun,http://talkingdictionary.swarthmore.edu/media/santali/aud/Santali_BP27_J_thumb.mp3
əɖi dɑɽiɑn hɔɽ,strongman,very,http://talkingdictionary.swarthmore.edu/media/santali/aud/Santali_Adj65_F_verystrongman.mp3
əɖi logən,quickly,adverb,http://talkingdictionary.swarthmore.edu/media/santali/aud/Santali_Adv22_F_quickly.mp3
əɖi sɛrhɑu,you,thank,http://talkingdictionary.swarthmore.edu/media/santali/aud/Santali_Adv13_F_thankyou.mp3
əliŋ bɑr hɔɽ ɑm dəbɑm,we2(notyou),pronoun,http://talkingdictionary.swarthmore.edu/media/santali/aud/Santali_Pro32_F_we2.mp3
əɽə ~ əɽiɑ,word(orlanguage),noun,http://talkingdictionary.swarthmore.edu/media/santali/aud/Santali_O7_F_word.mp3
ɛʈɑʔ,another,adjective,http://talkingdictionary.swarthmore.edu/media/santali/aud/Santali_Adj3_F_another.mp3
ɛʈet’,fence,noun,http://talkingdictionary.swarthmore.edu/media/santali/aud/Santali_Cult15_F_fence.mp3
gɑi nɑhɑr,singer,noun,http://talkingdictionary.swarthmore.edu/media/santali/aud/Santali_HU52_F_singer.mp3
gɑɽi,monkey,noun,http://talkingdictionary.swarthmore.edu/media/santali/aud/Santali_AN35_M_monkey_2.mp3
gɑɽi,monkey,noun,http://talkingdictionary.swarthmore.edu/media/santali/aud/Santali_Cult27a_M_monkey.mp3
gɑte,friend,noun,http://talkingdictionary.swarthmore.edu/media/santali/aud/Santali_HU37_F_friend.mp3
geɖe,duck,noun,http://talkingdictionary.swarthmore.edu/media/santali/aud/Santali_AN15_M_duck.mp3
gəpɑ,tomorrow,adverb,http://talkingdictionary.swarthmore.edu/media/santali/aud/Santali_Adv2_F_tomorrow_2.mp3
gɛl,ten,noun,http://talkingdictionary.swarthmore.edu/media/santali/aud/Santali_Num10_M_ten.mp3
gɛl ɑrɛ,nineteen,noun,http://talkingdictionary.swarthmore.edu/media/santali/aud/Santali_Num19_M_nineteen.mp3
gɛl bɑr,twelve,noun,http://talkingdictionary.swarthmore.edu/media/santali/aud/Santali_Num12_F_twelve.mp3
gɛl iɑi,seventeen,noun,http://talkingdictionary.swarthmore.edu/media/santali/aud/Santali_Num17_F_seventeen_2.mp3
gɛl irɛl,eighteen,noun,http://talkingdictionary.swarthmore.edu/media/santali/aud/Santali_Num18_M_eighteen.mp3
gɛl mit’,eleven,noun,http://talkingdictionary.swarthmore.edu/media/santali/aud/Santali_Num11_F_eleven.mp3
gɛl mɔɽɛ,fifteen,noun,http://talkingdictionary.swarthmore.edu/media/santali/aud/Santali_Num15_M_fifteen.mp3
gɛl pe,thirteen,noun,http://talkingdictionary.swarthmore.edu/media/santali/aud/Santali_Num13_F_thirteen.mp3
gɛl pun,fourteen,noun,http://talkingdictionary.swarthmore.edu/media/santali/aud/Santali_Num14_F_fourteen.mp3
gɛl sɑi,onethousand,noun,http://talkingdictionary.swarthmore.edu/media/santali/aud/Santali_Num1000_M_onethousand.mp3
gɛl t(ə)rui,sixteen,noun,http://talkingdictionary.swarthmore.edu/media/santali/aud/Santali_Num16_F_sixteen.mp3
gidrə,child,noun,http://talkingdictionary.swarthmore.edu/media/santali/aud/Santali_HU32_F_child.mp3
gidrə,child,noun,http://talkingdictionary.swarthmore.edu/media/santali/aud/Santali_HU32_F_child.mp3
gobri,stomach,noun,http://talkingdictionary.swarthmore.edu/media/santali/aud/Santali_BP50_G_stomach_2.mp3
goc’,dead,adjective,http://talkingdictionary.swarthmore.edu/media/santali/aud/Santali_Adj19_F_dead.mp3
goc’ hɔɽ,deadbody,noun,http://talkingdictionary.swarthmore.edu/media/santali/aud/Santali_HU40_M_deadbody.mp3
goɖet,shaman,noun,http://talkingdictionary.swarthmore.edu/media/santali/aud/Santali_HU42_F_shaman.mp3
guɖu,rat,noun,http://talkingdictionary.swarthmore.edu/media/santali/aud/Santali_AN40_F_rat_2.mp3
gujuʔ,death,noun,http://talkingdictionary.swarthmore.edu/media/santali/aud/Santali_O1_M_death.mp3
hɑku,fish,noun,http://talkingdictionary.swarthmore.edu/media/santali/aud/Santali_AN21_F_fish.mp3
hɑnɑriɲ buɽi ~ hɑnhɑriɲ buɽhi,mother-in-law,noun,http://talkingdictionary.swarthmore.edu/media/santali/aud/Santali_HU31_F_motherinlaw_2.mp3
hɑrtɑ,skin,noun,http://talkingdictionary.swarthmore.edu/media/santali/aud/Santali_BP51_G_skin_3.mp3
hɑɽɑm,oldperson,noun,http://talkingdictionary.swarthmore.edu/media/santali/aud/Santali_HU34_M_oldperson.mp3
hɑɽɑm bɑ,grandfather,noun,http://talkingdictionary.swarthmore.edu/media/santali/aud/Santali_HU13a_F_grandfather.mp3
hɑɽɑm hɔɽ,old(person),adjective,http://talkingdictionary.swarthmore.edu/media/santali/aud/Santali_Adj46_F_oldperson_2.mp3
hɑ̃ɽu,blackmonkey,noun,http://talkingdictionary.swarthmore.edu/media/santali/aud/Santali_Cult27b_F_blackmonkey_2.mp3
hɑsup’,pain,noun,http://talkingdictionary.swarthmore.edu/media/santali/aud/Santali_O5_M_pain_2.mp3
hɑtɑŋ,brain,noun,http://talkingdictionary.swarthmore.edu/media/santali/aud/Santali_BP11_G_brain.mp3
hɑti ɖɑʈɑ,elephanttusk,noun,http://talkingdictionary.swarthmore.edu/media/santali/aud/Santali_AN48b_F_elephanttusk.mp3
hɑtlɑʔ,armpit,noun,http://talkingdictionary.swarthmore.edu/media/santali/aud/Santali_BP20_G_armpit.mp3
hɑʈɑʔ,winnowingfan,noun,http://talkingdictionary.swarthmore.edu/media/santali/aud/Santali_Cult36_M_winnowingfan.mp3
hɑu,redant,noun,http://talkingdictionary.swarthmore.edu/media/santali/aud/Santali_AN41_M_redant.mp3
heɖet’,boiled,adjective,http://talkingdictionary.swarthmore.edu/media/santali/aud/Santali_Adj10_F_boiled.mp3
hende,black,adjective,http://talkingdictionary.swarthmore.edu/media/santali/aud/Santali_Col1_F_black.mp3
heɽɛm,sweet,adjective,http://talkingdictionary.swarthmore.edu/media/santali/aud/Santali_Adj66_F_sweet.mp3
hərta,Skin,Noun,http://talkingdictionary.swarthmore.edu/media/santali/aud/Santali_09_29_2011_R_GRM_Skin.mp3
həɽiəɽ,green,adjective,http://talkingdictionary.swarthmore.edu/media/santali/aud/Santali_Col4_F_green.mp3
həsliʤəŋ,Shoulderblade,Noun,http://talkingdictionary.swarthmore.edu/media/santali/aud/Santali_09_29_2011_R_JNH_Shoulder_blade-1.mp3
hətaŋ,Brain,Noun,http://talkingdictionary.swarthmore.edu/media/santali/aud/Santali_09_29_2011_R_JNH_Brain.mp3
hətla,Armpit,Noun,http://talkingdictionary.swarthmore.edu/media/santali/aud/Santali_09_29_2011_R_JNH_Armpit.mp3
hɛ̃,yes,adverb,http://talkingdictionary.swarthmore.edu/media/santali/aud/Santali_Adv12_F_yes.mp3
hɛ̃ hui dɑɽeɑʔɑ,possibly,adverb,http://talkingdictionary.swarthmore.edu/media/santali/aud/Santali_Adv18_F_possibly.mp3
hɛɽɑʔ ~ heɽɑʔ,brown,adjective,http://talkingdictionary.swarthmore.edu/media/santali/aud/Santali_Col3_M_brown.mp3
holɑ,yesterday,adverb,http://talkingdictionary.swarthmore.edu/media/santali/aud/Santali_Adv3_F_yesterday.mp3
hoɲɑrin hɑɽɑm ~ hoɲhɑrin hɑɽɑm,father-in-law,noun,http://talkingdictionary.swarthmore.edu/media/santali/aud/Santali_HU30_M_fatherinlaw.mp3
hopon,son,noun,http://talkingdictionary.swarthmore.edu/media/santali/aud/Santali_HU2_F_son_2.mp3
hopon erɑ,daughter,noun,http://talkingdictionary.swarthmore.edu/media/santali/aud/Santali_HU1_M_daughter.mp3
horo,turtle,noun,http://talkingdictionary.swarthmore.edu/media/santali/aud/Santali_AN47_F_turtle.mp3
hotete,by,adposition,http://talkingdictionary.swarthmore.edu/media/santali/aud/Santali_AdP12_M_by_2.mp3
hoʈok’,neck,noun,http://talkingdictionary.swarthmore.edu/media/santali/aud/Santali_BP12_J_neck.mp3
hɔɽ,man,noun,http://talkingdictionary.swarthmore.edu/media/santali/aud/Santali_HU21_F_man.mp3
hɔɽ ko,people,noun,http://talkingdictionary.swarthmore.edu/media/santali/aud/Santali_HU25_M_people.mp3
hɔʈɔ,Neck,Noun,http://talkingdictionary.swarthmore.edu/media/santali/aud/Santali_09_29_2011_R_GRM_Neck.mp3
huɖiŋ,little,adverb,http://talkingdictionary.swarthmore.edu/media/santali/aud/Santali_Adv26_M_little_2.mp3
hui dɑɽeɑʔɑ,possible,adjective,http://talkingdictionary.swarthmore.edu/media/santali/aud/Santali_Adj50_F_possible.mp3
iːn,Heart,Noun,http://talkingdictionary.swarthmore.edu/media/santali/aud/Santali_09_29_2011_R_GRM_Heart.mp3
iɑi,seven,noun,http://talkingdictionary.swarthmore.edu/media/santali/aud/Santali_Num7_M_seven.mp3
iɑi gɛl,seventy,noun,http://talkingdictionary.swarthmore.edu/media/santali/aud/Santali_Num70_M_seventy.mp3
iɑi gɛl t(ə)rui,seventysix,noun,http://talkingdictionary.swarthmore.edu/media/santali/aud/Santali_Num76_M_seventysix.mp3
iɖi,heel,noun,http://talkingdictionary.swarthmore.edu/media/santali/aud/Santali_BP29_J_heel.mp3
ik’,excrement,noun,http://talkingdictionary.swarthmore.edu/media/santali/aud/Santali_BP63_J_excrement_2.mp3
in,heart,noun,http://talkingdictionary.swarthmore.edu/media/santali/aud/Santali_BP16_J_heart_2.mp3
inkʰoŋ mɑɽɑŋ,infront,adposition,http://talkingdictionary.swarthmore.edu/media/santali/aud/Santali_AdP21_F_infront.mp3
intɑlɑre,inmiddleof,adposition,http://talkingdictionary.swarthmore.edu/media/santali/aud/Santali_AdP23_F_inthemiddleof.mp3
iɲ,I,pronoun,http://talkingdictionary.swarthmore.edu/media/santali/aud/Santali_Pro9_M_I.mp3
iɲ ɑr ɑm,meandyou,pronoun,http://talkingdictionary.swarthmore.edu/media/santali/aud/Santali_Pro33_M_meandyou.mp3
iɲɑʔ,my,pronoun,http://talkingdictionary.swarthmore.edu/media/santali/aud/Santali_Pro10_F_my.mp3
iɲɑʔ lɑhɑre,infrontof,adposition,http://talkingdictionary.swarthmore.edu/media/santali/aud/Santali_AdP22_F_infrontof.mp3
iŋ surɛ,nearhere,adposition,http://talkingdictionary.swarthmore.edu/media/santali/aud/Santali_AdP25_M_nearhere.mp3
irɛl,eight,noun,http://talkingdictionary.swarthmore.edu/media/santali/aud/Santali_Num8_M_eight.mp3
irɛl gɛl,eighty,noun,http://talkingdictionary.swarthmore.edu/media/santali/aud/Santali_Num80_M_eighty.mp3
irilin kuɽi,sister-in-law,noun,http://talkingdictionary.swarthmore.edu/media/santali/aud/Santali_HU27_F_sisterinlaw.mp3
isinɑkɑnɑ,cooked,adjective,http://talkingdictionary.swarthmore.edu/media/santali/aud/Santali_Adj17_F_cooked.mp3
itil,fat,adjective,http://talkingdictionary.swarthmore.edu/media/santali/aud/Santali_Adj28_M_fat_2.mp3
itil,fat(n),noun,http://talkingdictionary.swarthmore.edu/media/santali/aud/Santali_AN18_F_fat.mp3
iʈɑʔɑ hɔɽ,other,adjective,http://talkingdictionary.swarthmore.edu/media/santali/aud/Santali_Adj48_F_other.mp3
iʔ,Excrement,Noun,http://talkingdictionary.swarthmore.edu/media/santali/aud/Santali_09_29_2011_R_JNH_Excrement.mp3
jɑŋ,bone,noun,http://talkingdictionary.swarthmore.edu/media/santali/aud/Santali_BP46_J_bone.mp3
jɑŋgɑ,foot,noun,http://talkingdictionary.swarthmore.edu/media/santali/aud/Santali_BP34_G_foot.mp3
jɑŋgɑ kɑʈuk’,toe,noun,http://talkingdictionary.swarthmore.edu/media/santali/aud/Santali_BP35_G_toe_2.mp3
jɑŋgɑ rənɑʔ rɑmɑ,toenail,noun,http://talkingdictionary.swarthmore.edu/media/santali/aud/Santali_BP36_G_toenail_3.mp3
jɑw̃ɑi,husband,noun,http://talkingdictionary.swarthmore.edu/media/santali/aud/Santali_HU12_M_husband.mp3
jɑw̃ɑi goŋkeɲ,son-in-law,noun,http://talkingdictionary.swarthmore.edu/media/santali/aud/Santali_HU29_M_soninlaw.mp3
jəlɑm,fishnet,noun,http://talkingdictionary.swarthmore.edu/media/santali/aud/Santali_Cult16_F_fishnet_2.mp3
jəlɑm,net,noun,http://talkingdictionary.swarthmore.edu/media/santali/aud/Santali_Cult28_M_net_2.mp3
jənoʔ,broom,noun,http://talkingdictionary.swarthmore.edu/media/santali/aud/Santali_Cult9_F_broom.mp3
jətə jəgɑ,everywhere,adverb,http://talkingdictionary.swarthmore.edu/media/santali/aud/Santali_Adv25a_F_everywhere.mp3
jʰɑw̃ɑ gidrə,twin,noun,http://talkingdictionary.swarthmore.edu/media/santali/aud/Santali_HU44_F_twin_2.mp3
jʰɑw̃ɑ gidrə,twin,noun,http://talkingdictionary.swarthmore.edu/media/santali/aud/Santali_HU44_F_twin_2.mp3
jʰəl,long,adjective,http://talkingdictionary.swarthmore.edu/media/santali/aud/Santali_Adj42_M_long.mp3
jʰil,meat,noun,http://talkingdictionary.swarthmore.edu/media/santali/aud/Santali_AN34_M_meat.mp3
jʰola,bag,noun,http://talkingdictionary.swarthmore.edu/media/santali/aud/Santali_Cult4_F_bag.mp3
johər,hello,NaN,http://talkingdictionary.swarthmore.edu/media/santali/aud/Santali_Adv14_M_hello.mp3
joto,every,adjective,http://talkingdictionary.swarthmore.edu/media/santali/aud/Santali_Adj26_M_every.mp3
jotokon cetɑn,ontop,adposition,http://talkingdictionary.swarthmore.edu/media/santali/aud/Santali_AdP28_M_ontop.mp3
jɔ̃kʰ,leech,noun,http://talkingdictionary.swarthmore.edu/media/santali/aud/Santali_AN29_M_leech.mp3
juɑn ~ juən,young,adjective,http://talkingdictionary.swarthmore.edu/media/santali/aud/Santali_Adj74_F_young.mp3
k(r)ɑhɔ̃ ~ kɑhũ,crow,noun,http://talkingdictionary.swarthmore.edu/media/santali/aud/Santali_AN13_M_crow_2.mp3
kaʈub,Finger,Noun,http://talkingdictionary.swarthmore.edu/media/santali/aud/Santali_09_29_2011_R_GRM_Finger.mp3
kɑlɑ,deaf(M),adjective,http://talkingdictionary.swarthmore.edu/media/santali/aud/Santali_Adj20_M_deaf(M).mp3
kɑli,deaf(F),adjective,http://talkingdictionary.swarthmore.edu/media/santali/aud/Santali_Adj20_M_deaf(F).mp3
kɑrɑʔ,cough,noun,http://talkingdictionary.swarthmore.edu/media/santali/aud/Santali_BP66_G_cough.mp3
kɑ̃ɽɑ,blind,adjective,http://talkingdictionary.swarthmore.edu/media/santali/aud/Santali_Adj9_M_blind.mp3
kɑɽɑm jənoʔ,hardbroom,noun,http://talkingdictionary.swarthmore.edu/media/santali/aud/Santali_Cult9a_F_hardbroom.mp3
kɑʈkom,crab,noun,http://talkingdictionary.swarthmore.edu/media/santali/aud/Santali_AN11_M_crab.mp3
kɑʈuk’,finger,noun,http://talkingdictionary.swarthmore.edu/media/santali/aud/Santali_BP22_J_finger.mp3
keʈɛt’,hard,adjective,http://talkingdictionary.swarthmore.edu/media/santali/aud/Santali_Adj33_F_hard.mp3
keva,Chin,Noun,http://talkingdictionary.swarthmore.edu/media/santali/aud/Santali_09_29_2011_R_JNH_Chin.mp3
kewɑ,chin,noun,http://talkingdictionary.swarthmore.edu/media/santali/aud/Santali_BP3_G_chin.mp3
kəhəni,story,noun,http://talkingdictionary.swarthmore.edu/media/santali/aud/Santali_O9_F_story.mp3
kənci,basket,noun,http://talkingdictionary.swarthmore.edu/media/santali/aud/Santali_Cult5_F_basket.mp3
kəʈik’ bərti,much,adverb,http://talkingdictionary.swarthmore.edu/media/santali/aud/Santali_Adv27_F_much.mp3
kəʈit’,little,adjective,http://talkingdictionary.swarthmore.edu/media/santali/aud/Santali_Adj41_F_little.mp3
kəʈit’,small,adjective,http://talkingdictionary.swarthmore.edu/media/santali/aud/Santali_Adj63_F_small.mp3
kʰɑndri,deep,adjective,http://talkingdictionary.swarthmore.edu/media/santali/aud/Santali_Adj21_M_deep_2.mp3
kʰəncɑ,cage,noun,http://talkingdictionary.swarthmore.edu/media/santali/aud/Santali_Cult10_M_cage.mp3
kʰon,from,adposition,http://talkingdictionary.swarthmore.edu/media/santali/aud/Santali_AdP16_M_from.mp3
kʰraʔ,Cough,Noun,http://talkingdictionary.swarthmore.edu/media/santali/aud/Santali_09_29_2011_R_GRM_Cough.mp3
kiminin,daughter-in-law,noun,http://talkingdictionary.swarthmore.edu/media/santali/aud/Santali_HU28_F_daughterinlaw.mp3
kisəɽ,rich,adjective,http://talkingdictionary.swarthmore.edu/media/santali/aud/Santali_Adj54_M_rich.mp3
koɽɑ,male,adjective,http://talkingdictionary.swarthmore.edu/media/santali/aud/Santali_Adj43_M_male.mp3
koɽɑ,boy,noun,http://talkingdictionary.swarthmore.edu/media/santali/aud/Santali_HU24_F_boy.mp3
kɔhni,elbow,Noun,http://talkingdictionary.swarthmore.edu/media/santali/aud/Santali_09_29_2011_R_JNH_Elbow.mp3
kɔɽam,Chest,Noun,http://talkingdictionary.swarthmore.edu/media/santali/aud/Santali_09_29_2011_R_JNH_Chest.mp3
kɔɽɑm,chest,noun,http://talkingdictionary.swarthmore.edu/media/santali/aud/Santali_BP17_G_chest.mp3
kuhni,elbow,noun,http://talkingdictionary.swarthmore.edu/media/santali/aud/Santali_BP21_G_elbow_2.mp3
kukmu,dream,noun,http://talkingdictionary.swarthmore.edu/media/santali/aud/Santali_O2_F_dream.mp3
kumbəʔ ɔɽɑʔ,hut,noun,http://talkingdictionary.swarthmore.edu/media/santali/aud/Santali_Cult24_F_hut.mp3
kurit’,eagle,noun,http://talkingdictionary.swarthmore.edu/media/santali/aud/Santali_AN16_F_eagle.mp3
kurit’,hawk,noun,http://talkingdictionary.swarthmore.edu/media/santali/aud/Santali_AN26_M_hawk.mp3
kuɽi,girl,noun,http://talkingdictionary.swarthmore.edu/media/santali/aud/Santali_HU23_M_girl.mp3
laʔi,Stomach,Noun,http://talkingdictionary.swarthmore.edu/media/santali/aud/Santali_09_29_2011_R_JNH_Stomach.mp3
lɑc’,pregnant,adjective,http://talkingdictionary.swarthmore.edu/media/santali/aud/Santali_Adj52_M_pregnant.mp3
lɑc’,intestines,noun,http://talkingdictionary.swarthmore.edu/media/santali/aud/Santali_BP48_J_intestines.mp3
lɑgit’,for,adposition,http://talkingdictionary.swarthmore.edu/media/santali/aud/Santali_AdP15_F_for.mp3
lɑŋgɑ,tired,adjective,http://talkingdictionary.swarthmore.edu/media/santali/aud/Santali_Adj69_F_tired.mp3
lɑser,sharpeningtools,noun,http://talkingdictionary.swarthmore.edu/media/santali/aud/Santali_Cult31_F_sharpeningtools.mp3
lɑsɛr,sharp,adjective,http://talkingdictionary.swarthmore.edu/media/santali/aud/Santali_Adj59_F_sharp.mp3
lɑtɑre,beneath,adposition,http://talkingdictionary.swarthmore.edu/media/santali/aud/Santali_AdP10_F_beneath_2.mp3
lil,blue,adjective,http://talkingdictionary.swarthmore.edu/media/santali/aud/Santali_Col2_M_blue.mp3
lo,burned,adjective,http://talkingdictionary.swarthmore.edu/media/santali/aud/Santali_Adj13_F_burned.mp3
loɛ,Penis,Noun,http://talkingdictionary.swarthmore.edu/media/santali/aud/Santali_09_29_2011_R_JNH_Penis.mp3
logən,fast,adjective,http://talkingdictionary.swarthmore.edu/media/santali/aud/Santali_Adj27_F_fast.mp3
logən,quickly,adverb,http://talkingdictionary.swarthmore.edu/media/santali/aud/Santali_Adv19_M_quickly_2.mp3
lohot’,wet,adjective,http://talkingdictionary.swarthmore.edu/media/santali/aud/Santali_Adj72_M_wet.mp3
lolo,hot,adjective,http://talkingdictionary.swarthmore.edu/media/santali/aud/Santali_Adj36_F_hot.mp3
lɔc’,penis,noun,http://talkingdictionary.swarthmore.edu/media/santali/aud/Santali_BP53_J_penis.mp3
ludu,cockroach,noun,http://talkingdictionary.swarthmore.edu/media/santali/aud/Santali_AN10_M_cockroach.mp3
lutur,ear,noun,http://talkingdictionary.swarthmore.edu/media/santali/aud/Santali_BP4_J_ear.mp3
mɑcɑ,hammock,noun,http://talkingdictionary.swarthmore.edu/media/santali/aud/Santali_Cult20_F_hammock.mp3
mɑhɑder,dayaftertomorrow,adverb,http://talkingdictionary.swarthmore.edu/media/santali/aud/Santali_Adv5_M_dayaftertomorrow.mp3
mɑjʰi hɑɽɑm,chief,noun,http://talkingdictionary.swarthmore.edu/media/santali/aud/Santali_HU41_F_chief.mp3
mɑmɑ,uncle,noun,http://talkingdictionary.swarthmore.edu/media/santali/aud/Santali_HU18a_F_uncle.mp3
mɑmi,aunt,noun,http://talkingdictionary.swarthmore.edu/media/santali/aud/Santali_HU17a_F_aunt.mp3
mɑrɑŋ,elderly,adjective,http://talkingdictionary.swarthmore.edu/media/santali/aud/Santali_Adj25_F_elderly.mp3
mɑrɑŋ,big,adjective,http://talkingdictionary.swarthmore.edu/media/santali/aud/Santali_Adj37b_M_big.mp3
mɑrɛ,old,adjective,http://talkingdictionary.swarthmore.edu/media/santali/aud/Santali_Adj45_M_old.mp3
mɑɽɑŋ,before,adposition,http://talkingdictionary.swarthmore.edu/media/santali/aud/Santali_AdP7_F_before.mp3
mɑɽɑŋre,front,adposition,http://talkingdictionary.swarthmore.edu/media/santali/aud/Santali_AdP18_F_front.mp3
mɑyɑm,blood,noun,http://talkingdictionary.swarthmore.edu/media/santali/aud/Santali_BP47_G_blood_2.mp3
mɑʔtoʔ(i)ncəlɑknɑ,goodbye,NaN,http://talkingdictionary.swarthmore.edu/media/santali/aud/Santali_Adv16_M_goodbye.mp3
mec’,eye,noun,http://talkingdictionary.swarthmore.edu/media/santali/aud/Santali_BP5_G_eye.mp3
mec’ kəʈi,eyebrow,noun,http://talkingdictionary.swarthmore.edu/media/santali/aud/Santali_BP6_G_eyebrow.mp3
med,Eye,Noun,http://talkingdictionary.swarthmore.edu/media/santali/aud/Santali_09_29_2011_R_GRM_Eye.mp3
med kuʈi,Eyebrow,Noun,http://talkingdictionary.swarthmore.edu/media/santali/aud/Santali_09_29_2011_R_GRM_Eyebrow.mp3
məc’,ant,noun,http://talkingdictionary.swarthmore.edu/media/santali/aud/Santali_AN1_M_ant.mp3
məjam,Blood,Noun,http://talkingdictionary.swarthmore.edu/media/santali/aud/Santali_09_29_2011_R_JNH_Blood.mp3
miɑŋ ~ meɑŋ,daybeforeyesterday,adverb,http://talkingdictionary.swarthmore.edu/media/santali/aud/Santali_Adv6_F_daybeforeyesterday.mp3
misrɛɲ,sister,noun,http://talkingdictionary.swarthmore.edu/media/santali/aud/Santali_HU8_F_sister.mp3
misrɛɲ,youngersister,noun,http://talkingdictionary.swarthmore.edu/media/santali/aud/Santali_HU9_M_youngersister.mp3
mit’,alone,adjective,http://talkingdictionary.swarthmore.edu/media/santali/aud/Santali_Adj2_F_alone.mp3
mit’,one,noun,http://talkingdictionary.swarthmore.edu/media/santali/aud/Santali_Num1_M_one.mp3
mit’ sɑi,onehundred,noun,http://talkingdictionary.swarthmore.edu/media/santali/aud/Santali_Num100_M_onehundred.mp3
mitok’ ~ mituk’,now,adverb,http://talkingdictionary.swarthmore.edu/media/santali/aud/Santali_Adv4_F_now.mp3
moca,mouth,noun,http://talkingdictionary.swarthmore.edu/media/santali/aud/Santali_BP8_J_mouth.mp3
moloŋ,forearm,noun,http://talkingdictionary.swarthmore.edu/media/santali/aud/Santali_BP25_G_forehead.mp3
mɔlɔŋ,Forearm,Noun,http://talkingdictionary.swarthmore.edu/media/santali/aud/Santali_09_29_2011_R_GRM_Forearm.mp3
mɔɽɛ,five,noun,http://talkingdictionary.swarthmore.edu/media/santali/aud/Santali_Num5_M_five.mp3
mɔɽɛ gɛl,fifty,noun,http://talkingdictionary.swarthmore.edu/media/santali/aud/Santali_Num50_M_fifty.mp3
mɔʧa,Mouth,Noun,http://talkingdictionary.swarthmore.edu/media/santali/aud/Santali_09_29_2011_R_GRM_Mouth.mp3
mũ,nose,noun,http://talkingdictionary.swarthmore.edu/media/santali/aud/Santali_BP7_J_nose.mp3
mucət’,over,adposition,http://talkingdictionary.swarthmore.edu/media/santali/aud/Santali_AdP30_M_over_2.mp3
nɑike,priest,noun,http://talkingdictionary.swarthmore.edu/media/santali/aud/Santali_HU51_F_priest.mp3
nɑkit’,comb,noun,http://talkingdictionary.swarthmore.edu/media/santali/aud/Santali_Cult11_F_comb.mp3
nɑnhɑ,thin,adjective,http://talkingdictionary.swarthmore.edu/media/santali/aud/Santali_Adj68_M_thin.mp3
nɑpɑi,better,adjective,http://talkingdictionary.swarthmore.edu/media/santali/aud/Santali_Adj8_M_better_2.mp3
nɑpɑi,good,adjective,http://talkingdictionary.swarthmore.edu/media/santali/aud/Santali_Adj76_F_good.mp3
nɑwɑ,new,adjective,http://talkingdictionary.swarthmore.edu/media/santali/aud/Santali_Adj44_M_new_2.mp3
nɑwɑ bɑhu,bride,noun,http://talkingdictionary.swarthmore.edu/media/santali/aud/Santali_HU47_M_bride.mp3
nɑwɑ jɑw̃ɑi,groom,noun,http://talkingdictionary.swarthmore.edu/media/santali/aud/Santali_HU48_M_groom.mp3
nəno,bosom/breast,noun,http://talkingdictionary.swarthmore.edu/media/santali/aud/Santali_BP40_J_breasts_2.mp3
nidir,whiteant,noun,http://talkingdictionary.swarthmore.edu/media/santali/aud/Santali_AN49_F_whiteant_2.mp3
noɑ pununsɛn,aroundhere,adposition,http://talkingdictionary.swarthmore.edu/media/santali/aud/Santali_AdP5_F_aroundhere.mp3
noɖe kʰon,fromhere,adposition,http://talkingdictionary.swarthmore.edu/media/santali/aud/Santali_AdP17_F_fromhere.mp3
nɔ̃ɑ̃,this,pronoun,http://talkingdictionary.swarthmore.edu/media/santali/aud/Santali_Pro19_F_this.mp3
nɔɖe,here,pronoun,http://talkingdictionary.swarthmore.edu/media/santali/aud/Santali_Pro22_M_here.mp3
nunu,Breast,Noun,http://talkingdictionary.swarthmore.edu/media/santali/aud/Santali_09_29_2011_R_JNH_Breast.mp3
ɲətum,name,noun,http://talkingdictionary.swarthmore.edu/media/santali/aud/Santali_O4_M_name.mp3
ɲidərɛ,phraseatnight,adverb,http://talkingdictionary.swarthmore.edu/media/santali/aud/Santali_Adv7_F_atnight.mp3
ɲutʰ,dark,adjective,http://talkingdictionary.swarthmore.edu/media/santali/aud/Santali_Adj18_M_dark.mp3
okɑre,where,pronoun,http://talkingdictionary.swarthmore.edu/media/santali/aud/Santali_Pro28_M_where.mp3
okoi,who,pronoun,http://talkingdictionary.swarthmore.edu/media/santali/aud/Santali_Pro30_M_who.mp3
okoya,which,pronoun,http://talkingdictionary.swarthmore.edu/media/santali/aud/Santali_Pro29_F_which.mp3
onɑriɑʔ mɑne,bymeansof,adposition,http://talkingdictionary.swarthmore.edu/media/santali/aud/Santali_AdP13_M_bymeansof_3.mp3
oɲjrɑ,dirty,adjective,http://talkingdictionary.swarthmore.edu/media/santali/aud/Santali_Adj22_F_dirty_2.mp3
oɽɑʔgoŋke,wife,noun,http://talkingdictionary.swarthmore.edu/media/santali/aud/Santali_HU11_M_wife_2.mp3
osɑr,wide,adjective,http://talkingdictionary.swarthmore.edu/media/santali/aud/Santali_Adj73_F_wide.mp3
ɔnɑ,that,pronoun,http://talkingdictionary.swarthmore.edu/media/santali/aud/Santali_Pro18_F_that.mp3
ɔnɑ pɔrɛ,then,pronoun,http://talkingdictionary.swarthmore.edu/media/santali/aud/Santali_Pro20_M_then_2.mp3
ɔɳɖe,there,pronoun,http://talkingdictionary.swarthmore.edu/media/santali/aud/Santali_Pro21_M_there.mp3
ɔɽɑʔ,house,noun,http://talkingdictionary.swarthmore.edu/media/santali/aud/Santali_Cult23_M_house_2.mp3
pɑɲjərɑ,rib,noun,http://talkingdictionary.swarthmore.edu/media/santali/aud/Santali_BP41_J_rib.mp3
pɑŋkʰɑ,fan,noun,http://talkingdictionary.swarthmore.edu/media/santali/aud/Santali_Cult14_F_fan.mp3
pɑrsi(h),language(orword),noun,http://talkingdictionary.swarthmore.edu/media/santali/aud/Santali_O8_M_language_2.mp3
pɑtlɑ dɑʔsɛn,diarrhea,noun,http://talkingdictionary.swarthmore.edu/media/santali/aud/Santali_BP64_J_diarrhea.mp3
pɑʈuɑ,intestinalparasite,noun,http://talkingdictionary.swarthmore.edu/media/santali/aud/Santali_AN28_M_intestinalparasite_2.mp3
pe,three,noun,http://talkingdictionary.swarthmore.edu/media/santali/aud/Santali_Num3_F_three.mp3
pe gɛl,thirty,noun,http://talkingdictionary.swarthmore.edu/media/santali/aud/Santali_Num30_M_thirty.mp3
pe gɛl mɔɽɛ,thirtyfive,noun,http://talkingdictionary.swarthmore.edu/media/santali/aud/Santali_Num35_F_thirtyfive.mp3
pereʔi hɔɽmo,pregnant,adjective,http://talkingdictionary.swarthmore.edu/media/santali/aud/Santali_Adj52a_F_pregnant.mp3
peska,Testicles,Noun,http://talkingdictionary.swarthmore.edu/media/santali/aud/Santali_09_29_2011_R_JNH_Testicles.mp3
pə̃kɽə,feather,noun,http://talkingdictionary.swarthmore.edu/media/santali/aud/Santali_AN19_F_feather_2.mp3
pə̃kɽə,wing,noun,http://talkingdictionary.swarthmore.edu/media/santali/aud/Santali_AN52_M_wing.mp3
pə̃kɽə,feather,noun,http://talkingdictionary.swarthmore.edu/media/santali/aud/Santali_AN19_F_feather_2.mp3
pə̃kɽə,wing,noun,http://talkingdictionary.swarthmore.edu/media/santali/aud/Santali_AN52_M_wing.mp3
pənʤra,Rib,Noun,http://talkingdictionary.swarthmore.edu/media/santali/aud/Santali_09_29_2011_R_GRM_Rib.mp3
pɛskɑ,testicles,noun,http://talkingdictionary.swarthmore.edu/media/santali/aud/Santali_BP55_J_testicles.mp3
pɔɽcɑ,bowstring,noun,http://talkingdictionary.swarthmore.edu/media/santali/aud/Santali_Cult7_F_bowstring.mp3
pun,four,noun,http://talkingdictionary.swarthmore.edu/media/santali/aud/Santali_Num4_F_four.mp3
pun gɛl,fourty,noun,http://talkingdictionary.swarthmore.edu/media/santali/aud/Santali_Num40_F_fourty.mp3
pununsɛn,around,adposition,http://talkingdictionary.swarthmore.edu/media/santali/aud/Santali_AdP4_M_around.mp3
purudʰul,gray-haired-person,noun,http://talkingdictionary.swarthmore.edu/media/santali/aud/Santali_HU35_M_grayhairedperson.mp3
pũt’,white,adjective,http://talkingdictionary.swarthmore.edu/media/santali/aud/Santali_Col6_M_white.mp3
rɑbɑŋ,cold,adjective,http://talkingdictionary.swarthmore.edu/media/santali/aud/Santali_Adj16_M_cold.mp3
rɑmɑ,fingernail,noun,http://talkingdictionary.swarthmore.edu/media/santali/aud/Santali_BP23_J_fingernail.mp3
rɑndi erɑ,widow,noun,http://talkingdictionary.swarthmore.edu/media/santali/aud/Santali_HU46_F_widow.mp3
rɑput’,"broken,be",adjective,http://talkingdictionary.swarthmore.edu/media/santali/aud/Santali_Adj12_M_broken_2.mp3
reŋget’,hungry,adjective,http://talkingdictionary.swarthmore.edu/media/santali/aud/Santali_Adj37_F_hungry.mp3
reŋgeʔi hɔɽ,poor,adjective,http://talkingdictionary.swarthmore.edu/media/santali/aud/Santali_Adj49_F_poor.mp3
rəma,Fingernail,Noun,http://talkingdictionary.swarthmore.edu/media/santali/aud/Santali_09_29_2011_R_GRM_Fingernail.mp3
rəs,Sperm,Noun,http://talkingdictionary.swarthmore.edu/media/santali/aud/Santali_09_29_2011_R_JNH_Sperm.mp3
rɛskə,happy,adjective,http://talkingdictionary.swarthmore.edu/media/santali/aud/Santali_Adj32_F_happy.mp3
rɛskə,happy,adjective,http://talkingdictionary.swarthmore.edu/media/santali/aud/Santali_Adj32_F_happy.mp3
rimil,cloudy,adjective,http://talkingdictionary.swarthmore.edu/media/santali/aud/Santali_Adj15_M_cloudy.mp3
ro,fly(n),noun,http://talkingdictionary.swarthmore.edu/media/santali/aud/Santali_AN23_M_fly.mp3
rohɔɽ,dry,adjective,http://talkingdictionary.swarthmore.edu/media/santali/aud/Santali_Adj24_F_dry.mp3
rohɔɽ hɑkuk’,phrasedryfish,noun,http://talkingdictionary.swarthmore.edu/media/santali/aud/Santali_Adj24c_M_dryfish.mp3
rohɔɽ jo,phrasedryfruit,noun,http://talkingdictionary.swarthmore.edu/media/santali/aud/Santali_Adj24b_M_dryfruit.mp3
rohɔɽɑkɑnɑ,dried,adjective,http://talkingdictionary.swarthmore.edu/media/santali/aud/Santali_Adj23_F_dried.mp3
ros,scrotum,noun,http://talkingdictionary.swarthmore.edu/media/santali/aud/Santali_BP54_S_scrotum_2.mp3
roʈe,frog,noun,http://talkingdictionary.swarthmore.edu/media/santali/aud/Santali_AN24_M_frog.mp3
sɑnɑm,all,adjective,http://talkingdictionary.swarthmore.edu/media/santali/aud/Santali_Adj1_F_all_2.mp3
sɑnɑmko,together,adverb,http://talkingdictionary.swarthmore.edu/media/santali/aud/Santali_Adv24_M_together_2.mp3
sɑɔ̃te,with,adposition,http://talkingdictionary.swarthmore.edu/media/santali/aud/Santali_AdP33_F_with.mp3
sɑpʰɑ,clean,adjective,http://talkingdictionary.swarthmore.edu/media/santali/aud/Santali_Adj14_M_clean.mp3
sɑr,arrow,noun,http://talkingdictionary.swarthmore.edu/media/santali/aud/Santali_Cult1_M_arrow.mp3
sɑ̃ɽim,roof(orgranary),noun,http://talkingdictionary.swarthmore.edu/media/santali/aud/Santali_Cult30_F_roof.mp3
sɑ̃ɽim,granary(orroof),noun,http://talkingdictionary.swarthmore.edu/media/santali/aud/Santali_Cult37_M_granary.mp3
sɑsɑŋ,yellow,adjective,http://talkingdictionary.swarthmore.edu/media/santali/aud/Santali_Col7_F_yellow_2.mp3
sɑsɔn,grave,noun,http://talkingdictionary.swarthmore.edu/media/santali/aud/Santali_Cult19_M_grave.mp3
selet’ kɑ,inadditionto,adposition,http://talkingdictionary.swarthmore.edu/media/santali/aud/Santali_AdP20_M_inadditionto_2.mp3
setɑ,dog,noun,http://talkingdictionary.swarthmore.edu/media/santali/aud/Santali_AN14_F_dog.mp3
setɑk’ bɛɽɑ,phraseinmorning,adverb,http://talkingdictionary.swarthmore.edu/media/santali/aud/Santali_Adv8_M_inthemorning.mp3
sənɑm jəgə ~ sɑnɑm jəgɑ,everywhere,adverb,http://talkingdictionary.swarthmore.edu/media/santali/aud/Santali_Adv25_F_everywhere.mp3
sənəc’,mucus,noun,http://talkingdictionary.swarthmore.edu/media/santali/aud/Santali_BP65_G_mucus.mp3
səri,true,adjective,http://talkingdictionary.swarthmore.edu/media/santali/aud/Santali_Adj70_M_true.mp3
sɛreɲ,song,noun,http://talkingdictionary.swarthmore.edu/media/santali/aud/Santali_Cult32_M_song_2.mp3
si,"louse,head",noun,http://talkingdictionary.swarthmore.edu/media/santali/aud/Santali_AN31_M_headlice.mp3
sik(ə)ɽi,mosquito,noun,http://talkingdictionary.swarthmore.edu/media/santali/aud/Santali_AN36_M_mosquito.mp3
sikəriə,hunter,noun,http://talkingdictionary.swarthmore.edu/media/santali/aud/Santali_HU39_F_hunter.mp3
sikəriə,hunter,noun,http://talkingdictionary.swarthmore.edu/media/santali/aud/Santali_HU39_F_hunter.mp3
sim,chicken,noun,http://talkingdictionary.swarthmore.edu/media/santali/aud/Santali_AN8_F_chicken.mp3
sim bili,chickenegg,noun,http://talkingdictionary.swarthmore.edu/media/santali/aud/Santali_AN9_F_chickenegg.mp3
sip’ kɑʈuk’,littlefinger,noun,http://talkingdictionary.swarthmore.edu/media/santali/aud/Santali_BP26_J_littlefinger.mp3
sipkaʈub,"JitenderNathHasda,",Speaker:,http://talkingdictionary.swarthmore.edu/santali/?entry=448
sĩɽi,ladder,noun,http://talkingdictionary.swarthmore.edu/media/santali/aud/Santali_Cult35_M_ladder.mp3
so(h),smell,noun,http://talkingdictionary.swarthmore.edu/media/santali/aud/Santali_O6_M_smell.mp3
somɑn,flat,adjective,http://talkingdictionary.swarthmore.edu/media/santali/aud/Santali_Adj29_M_flat.mp3
sukri,pig,noun,http://talkingdictionary.swarthmore.edu/media/santali/aud/Santali_AN39_F_pig.mp3
sukri,sow,noun,http://talkingdictionary.swarthmore.edu/media/santali/aud/Santali_AN43_M_sow.mp3
sukri ɖɑʈɑ,boartusk,noun,http://talkingdictionary.swarthmore.edu/media/santali/aud/Santali_AN48c_F_boartusk.mp3
sunui,Mucus,Noun,http://talkingdictionary.swarthmore.edu/media/santali/aud/Santali_09_29_2011_R_GRM_Mucus.mp3
surɛ,near,adposition,http://talkingdictionary.swarthmore.edu/media/santali/aud/Santali_AdP24_F_near_2.mp3
sursupər,besides,adposition,http://talkingdictionary.swarthmore.edu/media/santali/aud/Santali_AdP11_F_beside.mp3
sursupərɛ,nearby,adposition,http://talkingdictionary.swarthmore.edu/media/santali/aud/Santali_AdP26_F_nearby.mp3
t(ə)rui,six,noun,http://talkingdictionary.swarthmore.edu/media/santali/aud/Santali_Num6_M_six.mp3
t(ə)rui gɛl,sixty,noun,http://talkingdictionary.swarthmore.edu/media/santali/aud/Santali_Num60_F_sixty.mp3
taren,Shoulder,Noun,http://talkingdictionary.swarthmore.edu/media/santali/aud/Santali_09_29_2011_R_JNH_Shoulder.mp3
tɑlɑmɑlɑre,center,adposition,http://talkingdictionary.swarthmore.edu/media/santali/aud/Santali_AdP14_F_center.mp3
tɑren,arm,noun,http://talkingdictionary.swarthmore.edu/media/santali/aud/Santali_BP18_J_arm.mp3
tɑrup’,tiger,noun,http://talkingdictionary.swarthmore.edu/media/santali/aud/Santali_AN45_F_tiger.mp3
tɑyɑŋ,crocodile,noun,http://talkingdictionary.swarthmore.edu/media/santali/aud/Santali_AN12_F_crocodile.mp3
tɑyom,behind,adposition,http://talkingdictionary.swarthmore.edu/media/santali/aud/Santali_AdP9_F_behind.mp3
tɑyoməkɑn,backwards,adverb,http://talkingdictionary.swarthmore.edu/media/santali/aud/Santali_Adv23_F_backwards.mp3
tehen,today,adverb,http://talkingdictionary.swarthmore.edu/media/santali/aud/Santali_Adv1_F_today.mp3
terom,bee,noun,http://talkingdictionary.swarthmore.edu/media/santali/aud/Santali_AN4_M_bee.mp3
tʰətnɑ,cheek,noun,http://talkingdictionary.swarthmore.edu/media/santali/aud/Santali_BP9_J_cheek.mp3
tʰikʰ,right,adjective,http://talkingdictionary.swarthmore.edu/media/santali/aud/Santali_Adj55_F_right.mp3
tʰiruʔmɛ,silent,adjective,http://talkingdictionary.swarthmore.edu/media/santali/aud/Santali_Adj61_F_silent_2.mp3
tʰɔtʰna,Cheek,Noun,http://talkingdictionary.swarthmore.edu/media/santali/aud/Santali09_29_2011_R_JNH_Cheek.mp3
ti,hand,noun,http://talkingdictionary.swarthmore.edu/media/santali/aud/Santali_BP19_G_hand.mp3
tiː,Hand,Noun,http://talkingdictionary.swarthmore.edu/media/santali/aud/Santali_09_29_2011_R_JNH_Hand.mp3
tiju,insect,noun,http://talkingdictionary.swarthmore.edu/media/santali/aud/Santali_AN27_M_insect.mp3
tiju,worm,noun,http://talkingdictionary.swarthmore.edu/media/santali/aud/Santali_AN53_F_worm_2.mp3
tikʰ,"lice,body",noun,http://talkingdictionary.swarthmore.edu/media/santali/aud/Santali_AN30_M_bodylice_2.mp3
tinəʔ,"howmany,howmuch",pronoun,http://talkingdictionary.swarthmore.edu/media/santali/aud/Santali_Pro24_F_howmany_2.mp3
tinəʔ,"howmuch,howmany",pronoun,http://talkingdictionary.swarthmore.edu/media/santali/aud/Santali_Pro25_M_howmuch.mp3
tire,when,pronoun,http://talkingdictionary.swarthmore.edu/media/santali/aud/Santali_Pro27_F_when.mp3
tirio,flute,noun,http://talkingdictionary.swarthmore.edu/media/santali/aud/Santali_Cult17_F_flute.mp3
tisobɑm,never,adverb,http://talkingdictionary.swarthmore.edu/media/santali/aud/Santali_Adv10_M_never.mp3
tisɔ̃bɑm,impossible,adjective,http://talkingdictionary.swarthmore.edu/media/santali/aud/Santali_Adj38_F_impossible_2.mp3
torəc’,ash,noun,http://talkingdictionary.swarthmore.edu/media/santali/aud/Santali_Cult2_F_ash.mp3
ʧuput,Fist,Noun,http://talkingdictionary.swarthmore.edu/media/santali/aud/Santali_09_29_2011_R_JNH_Fist.mp3
ʧuʧu,Vagina,Noun,http://talkingdictionary.swarthmore.edu/media/santali/aud/Santali_09_29_2011_R_JNH_Vagina.mp3
ʈɑmɑkʰ,drum,noun,http://talkingdictionary.swarthmore.edu/media/santali/aud/Santali_Cult12_M_drum.mp3
ʈeʈɑ,spear,noun,http://talkingdictionary.swarthmore.edu/media/santali/aud/Santali_Cult33_F_spear.mp3
ʈoŋgɑ,pipe,noun,http://talkingdictionary.swarthmore.edu/media/santali/aud/Santali_Cult29_F_pipe_2.mp3
ʈoroɖɑn,bamboofishnet,noun,http://talkingdictionary.swarthmore.edu/media/santali/aud/Santali_Cult16a_M_bamboofishnet.mp3
ʈuwər,orphaned,adjective,http://talkingdictionary.swarthmore.edu/media/santali/aud/Santali_Adj47_M_orphaned_2.mp3
ubʔ,Hair,Noun,http://talkingdictionary.swarthmore.edu/media/santali/aud/Santali_09_29_2011_R_JNH_Hair.mp3
udgər,sweat,noun,http://talkingdictionary.swarthmore.edu/media/santali/aud/Santali_BP60_G_sweat.mp3
ukuk’,hidden,adjective,http://talkingdictionary.swarthmore.edu/media/santali/aud/Santali_Adj34_F_hidden_2.mp3
ula,Vomit,Noun,http://talkingdictionary.swarthmore.edu/media/santali/aud/Santali_09_29_2011_R_GRM_Vomit.mp3
ulə,vomit,noun,http://talkingdictionary.swarthmore.edu/media/santali/aud/Santali_BP62_G_vomit.mp3
ulə,vomit,noun,http://talkingdictionary.swarthmore.edu/media/santali/aud/Santali_BP62_G_vomit.mp3
ulida,Saliva,Noun,http://talkingdictionary.swarthmore.edu/media/santali/aud/Santali_09_29_2011_R_JNH_Saliva.mp3
ulidɑʔ,saliva,noun,http://talkingdictionary.swarthmore.edu/media/santali/aud/Santali_BP59_G_saliva_2.mp3
uni,he(orshe),pronoun,http://talkingdictionary.swarthmore.edu/media/santali/aud/Santali_Pro1_F_he.mp3
uniɑʔ,his(orher),pronoun,http://talkingdictionary.swarthmore.edu/media/santali/aud/Santali_Pro2_F_his.mp3
uniɑʔ mɑɽɑŋ,beforethat,adposition,http://talkingdictionary.swarthmore.edu/media/santali/aud/Santali_AdP8_M_beforethat.mp3
unkin bɑnɑ hɔɽ,their-2,pronoun,http://talkingdictionary.swarthmore.edu/media/santali/aud/Santali_Pro8_M_theirtwo.mp3
unkin bɑr hɔɽ,they-2,pronoun,http://talkingdictionary.swarthmore.edu/media/santali/aud/Santali_Pro7_M_theytwo_2.mp3
unku,they,pronoun,http://talkingdictionary.swarthmore.edu/media/santali/aud/Santali_Pro5_M_they_2.mp3
usut’,weak,adjective,http://talkingdictionary.swarthmore.edu/media/santali/aud/Santali_Adj71_M_weak.mp3
uʔ,hair,noun,http://talkingdictionary.swarthmore.edu/media/santali/aud/Santali_BP2_G_hair.mp3
